unknown_bacteria_1	243273	strain	Mycoplasma genitalium G37
unknown_bacteria_2	243273	strain	Mycoplasma genitalium G37
unknown_bacteria_5	243273	strain	Mycoplasma genitalium G37
unknown_bacteria_6	243273	strain	Mycoplasma genitalium G37
unknown_bacteria_9	2093	genus	Mycoplasma
unknown_bacteria_57	243273	strain	Mycoplasma genitalium G37
unknown_bacteria_58	243273	strain	Mycoplasma genitalium G37
unknown_bacteria_61	243273	strain	Mycoplasma genitalium G37
unknown_bacteria_62	243273	strain	Mycoplasma genitalium G37
unknown_bacteria_67	243273	strain	Mycoplasma genitalium G37
unknown_bacteria_100	243273	strain	Mycoplasma genitalium G37
unknown_bacteria_103	243273	strain	Mycoplasma genitalium G37
unknown_bacteria_104	243273	strain	Mycoplasma genitalium G37
unknown_bacteria_111	243273	strain	Mycoplasma genitalium G37
unknown_bacteria_112	243273	strain	Mycoplasma genitalium G37
unknown_bacteria_152	0	no rank	unclassified
unknown_bacteria_157	243273	strain	Mycoplasma genitalium G37
unknown_bacteria_158	243273	strain	Mycoplasma genitalium G37
unknown_bacteria_159	243273	strain	Mycoplasma genitalium G37
unknown_bacteria_160	0	no rank	unclassified
unknown_bacteria_161	243273	strain	Mycoplasma genitalium G37
unknown_bacteria_162	243273	strain	Mycoplasma genitalium G37
unknown_bacteria_165	243273	strain	Mycoplasma genitalium G37
unknown_bacteria_166	0	no rank	unclassified
unknown_bacteria_167	243273	strain	Mycoplasma genitalium G37
unknown_bacteria_168	243273	strain	Mycoplasma genitalium G37
unknown_bacteria_169	243273	strain	Mycoplasma genitalium G37
unknown_bacteria_170	243273	strain	Mycoplasma genitalium G37
unknown_bacteria_175	243273	strain	Mycoplasma genitalium G37
unknown_bacteria_176	243273	strain	Mycoplasma genitalium G37
unknown_bacteria_194	243273	strain	Mycoplasma genitalium G37
unknown_bacteria_197	243273	strain	Mycoplasma genitalium G37
unknown_bacteria_198	243273	strain	Mycoplasma genitalium G37
unknown_bacteria_201	243273	strain	Mycoplasma genitalium G37
unknown_bacteria_202	0	no rank	unclassified
unknown_bacteria_230	0	no rank	unclassified
unknown_bacteria_235	243273	strain	Mycoplasma genitalium G37
unknown_bacteria_236	243273	strain	Mycoplasma genitalium G37
unknown_bacteria_241	243273	strain	Mycoplasma genitalium G37
unknown_bacteria_242	243273	strain	Mycoplasma genitalium G37
unknown_bacteria_245	243273	strain	Mycoplasma genitalium G37
unknown_bacteria_246	243273	strain	Mycoplasma genitalium G37
unknown_bacteria_259	243273	strain	Mycoplasma genitalium G37
unknown_bacteria_260	243273	strain	Mycoplasma genitalium G37
unknown_bacteria_263	243273	strain	Mycoplasma genitalium G37
unknown_bacteria_264	243273	strain	Mycoplasma genitalium G37
unknown_bacteria_271	0	no rank	unclassified
unknown_bacteria_272	243273	strain	Mycoplasma genitalium G37
unknown_bacteria_275	243273	strain	Mycoplasma genitalium G37
unknown_bacteria_276	243273	strain	Mycoplasma genitalium G37
unknown_bacteria_286	243273	strain	Mycoplasma genitalium G37
unknown_bacteria_289	2093	genus	Mycoplasma
unknown_bacteria_290	243273	strain	Mycoplasma genitalium G37
unknown_bacteria_291	0	no rank	unclassified
unknown_bacteria_292	243273	strain	Mycoplasma genitalium G37
unknown_bacteria_308	243273	strain	Mycoplasma genitalium G37
unknown_bacteria_309	243273	strain	Mycoplasma genitalium G37
unknown_bacteria_310	243273	strain	Mycoplasma genitalium G37
unknown_bacteria_329	243273	strain	Mycoplasma genitalium G37
unknown_bacteria_330	0	no rank	unclassified
unknown_bacteria_364	243273	strain	Mycoplasma genitalium G37
unknown_bacteria_367	243273	strain	Mycoplasma genitalium G37
unknown_bacteria_368	0	no rank	unclassified
unknown_bacteria_375	0	no rank	unclassified
unknown_bacteria_376	243273	strain	Mycoplasma genitalium G37
unknown_bacteria_381	243273	strain	Mycoplasma genitalium G37
unknown_bacteria_382	243273	strain	Mycoplasma genitalium G37
unknown_bacteria_391	243273	strain	Mycoplasma genitalium G37
unknown_bacteria_392	243273	strain	Mycoplasma genitalium G37
unknown_bacteria_395	243273	strain	Mycoplasma genitalium G37
unknown_bacteria_396	0	no rank	unclassified
unknown_bacteria_397	243273	strain	Mycoplasma genitalium G37
unknown_bacteria_398	243273	strain	Mycoplasma genitalium G37
unknown_bacteria_405	243273	strain	Mycoplasma genitalium G37
unknown_bacteria_406	243273	strain	Mycoplasma genitalium G37
unknown_bacteria_424	0	no rank	unclassified
unknown_bacteria_429	243273	strain	Mycoplasma genitalium G37
unknown_bacteria_430	243273	strain	Mycoplasma genitalium G37
unknown_bacteria_433	243273	strain	Mycoplasma genitalium G37
unknown_bacteria_434	243273	strain	Mycoplasma genitalium G37
unknown_bacteria_439	243273	strain	Mycoplasma genitalium G37
unknown_bacteria_440	243273	strain	Mycoplasma genitalium G37
unknown_bacteria_445	243273	strain	Mycoplasma genitalium G37
unknown_bacteria_446	243273	strain	Mycoplasma genitalium G37
unknown_bacteria_449	0	no rank	unclassified
unknown_bacteria_450	243273	strain	Mycoplasma genitalium G37
unknown_bacteria_453	243273	strain	Mycoplasma genitalium G37
unknown_bacteria_454	0	no rank	unclassified
unknown_bacteria_457	243273	strain	Mycoplasma genitalium G37
unknown_bacteria_458	243273	strain	Mycoplasma genitalium G37
unknown_bacteria_481	243273	strain	Mycoplasma genitalium G37
unknown_bacteria_482	243273	strain	Mycoplasma genitalium G37
unknown_bacteria_483	243273	strain	Mycoplasma genitalium G37
unknown_bacteria_484	0	no rank	unclassified
unknown_bacteria_487	243273	strain	Mycoplasma genitalium G37
unknown_bacteria_518	243273	strain	Mycoplasma genitalium G37
unknown_bacteria_523	0	no rank	unclassified
unknown_bacteria_524	243273	strain	Mycoplasma genitalium G37
unknown_bacteria_529	0	no rank	unclassified
unknown_bacteria_530	243273	strain	Mycoplasma genitalium G37
unknown_bacteria_572	0	no rank	unclassified
unknown_bacteria_577	243273	strain	Mycoplasma genitalium G37
unknown_bacteria_578	243273	strain	Mycoplasma genitalium G37
unknown_bacteria_581	243273	strain	Mycoplasma genitalium G37
unknown_bacteria_582	243273	strain	Mycoplasma genitalium G37
unknown_bacteria_583	243273	strain	Mycoplasma genitalium G37
unknown_bacteria_584	0	no rank	unclassified
unknown_bacteria_589	243273	strain	Mycoplasma genitalium G37
unknown_bacteria_590	243273	strain	Mycoplasma genitalium G37
unknown_bacteria_595	243273	strain	Mycoplasma genitalium G37
unknown_bacteria_636	243273	strain	Mycoplasma genitalium G37
unknown_bacteria_637	243273	strain	Mycoplasma genitalium G37
unknown_bacteria_638	243273	strain	Mycoplasma genitalium G37
unknown_bacteria_641	0	no rank	unclassified
unknown_bacteria_642	243273	strain	Mycoplasma genitalium G37
unknown_bacteria_659	243273	strain	Mycoplasma genitalium G37
unknown_bacteria_660	243273	strain	Mycoplasma genitalium G37
unknown_bacteria_661	243273	strain	Mycoplasma genitalium G37
unknown_bacteria_662	243273	strain	Mycoplasma genitalium G37
unknown_bacteria_663	243273	strain	Mycoplasma genitalium G37
unknown_bacteria_669	0	no rank	unclassified
unknown_bacteria_670	243273	strain	Mycoplasma genitalium G37
unknown_bacteria_673	243273	strain	Mycoplasma genitalium G37
unknown_bacteria_674	243273	strain	Mycoplasma genitalium G37
unknown_bacteria_675	243273	strain	Mycoplasma genitalium G37
unknown_bacteria_676	243273	strain	Mycoplasma genitalium G37
unknown_bacteria_687	243273	strain	Mycoplasma genitalium G37
unknown_bacteria_688	243273	strain	Mycoplasma genitalium G37
unknown_bacteria_691	0	no rank	unclassified
unknown_bacteria_692	243273	strain	Mycoplasma genitalium G37
unknown_bacteria_693	243273	strain	Mycoplasma genitalium G37
unknown_bacteria_694	243273	strain	Mycoplasma genitalium G37
unknown_bacteria_703	243273	strain	Mycoplasma genitalium G37
unknown_bacteria_704	0	no rank	unclassified
unknown_bacteria_705	243273	strain	Mycoplasma genitalium G37
unknown_bacteria_726	243273	strain	Mycoplasma genitalium G37
unknown_bacteria_733	243273	strain	Mycoplasma genitalium G37
unknown_bacteria_734	243273	strain	Mycoplasma genitalium G37
unknown_bacteria_735	243273	strain	Mycoplasma genitalium G37
unknown_bacteria_736	243273	strain	Mycoplasma genitalium G37
unknown_bacteria_737	0	no rank	unclassified
unknown_bacteria_738	243273	strain	Mycoplasma genitalium G37
unknown_bacteria_739	243273	strain	Mycoplasma genitalium G37
unknown_bacteria_740	2093	genus	Mycoplasma
unknown_bacteria_749	243273	strain	Mycoplasma genitalium G37
unknown_bacteria_838	0	no rank	unclassified
unknown_bacteria_839	243273	strain	Mycoplasma genitalium G37
unknown_bacteria_840	243273	strain	Mycoplasma genitalium G37
unknown_bacteria_847	243273	strain	Mycoplasma genitalium G37
unknown_bacteria_848	243273	strain	Mycoplasma genitalium G37
unknown_bacteria_862	243273	strain	Mycoplasma genitalium G37
unknown_bacteria_869	243273	strain	Mycoplasma genitalium G37
unknown_bacteria_870	243273	strain	Mycoplasma genitalium G37
unknown_bacteria_871	0	no rank	unclassified
unknown_bacteria_872	0	no rank	unclassified
unknown_bacteria_875	243273	strain	Mycoplasma genitalium G37
unknown_bacteria_876	243273	strain	Mycoplasma genitalium G37
unknown_bacteria_895	243273	strain	Mycoplasma genitalium G37
unknown_bacteria_896	243273	strain	Mycoplasma genitalium G37
unknown_bacteria_899	243273	strain	Mycoplasma genitalium G37
unknown_bacteria_900	243273	strain	Mycoplasma genitalium G37
unknown_bacteria_919	243273	strain	Mycoplasma genitalium G37
unknown_bacteria_920	243273	strain	Mycoplasma genitalium G37
unknown_bacteria_923	243273	strain	Mycoplasma genitalium G37
unknown_bacteria_924	0	no rank	unclassified
unknown_bacteria_975	243273	strain	Mycoplasma genitalium G37
unknown_bacteria_976	243273	strain	Mycoplasma genitalium G37
unknown_bacteria_977	243273	strain	Mycoplasma genitalium G37
unknown_bacteria_978	0	no rank	unclassified
unknown_bacteria_985	243273	strain	Mycoplasma genitalium G37
unknown_bacteria_7	243273	strain	Mycoplasma genitalium G37
unknown_bacteria_8	243273	strain	Mycoplasma genitalium G37
unknown_bacteria_11	243273	strain	Mycoplasma genitalium G37
unknown_bacteria_12	243273	strain	Mycoplasma genitalium G37
unknown_bacteria_15	243273	strain	Mycoplasma genitalium G37
unknown_bacteria_33	243273	strain	Mycoplasma genitalium G37
unknown_bacteria_34	243273	strain	Mycoplasma genitalium G37
unknown_bacteria_35	243273	strain	Mycoplasma genitalium G37
unknown_bacteria_36	243273	strain	Mycoplasma genitalium G37
unknown_bacteria_41	243273	strain	Mycoplasma genitalium G37
unknown_bacteria_60	243273	strain	Mycoplasma genitalium G37
unknown_bacteria_63	243273	strain	Mycoplasma genitalium G37
unknown_bacteria_64	243273	strain	Mycoplasma genitalium G37
unknown_bacteria_65	243273	strain	Mycoplasma genitalium G37
unknown_bacteria_66	243273	strain	Mycoplasma genitalium G37
unknown_bacteria_71	243273	strain	Mycoplasma genitalium G37
unknown_bacteria_72	243273	strain	Mycoplasma genitalium G37
unknown_bacteria_75	0	no rank	unclassified
unknown_bacteria_76	243273	strain	Mycoplasma genitalium G37
unknown_bacteria_77	243273	strain	Mycoplasma genitalium G37
unknown_bacteria_78	0	no rank	unclassified
unknown_bacteria_81	243273	strain	Mycoplasma genitalium G37
unknown_bacteria_82	0	no rank	unclassified
unknown_bacteria_91	243273	strain	Mycoplasma genitalium G37
unknown_bacteria_92	243273	strain	Mycoplasma genitalium G37
unknown_bacteria_106	243273	strain	Mycoplasma genitalium G37
unknown_bacteria_107	0	no rank	unclassified
unknown_bacteria_108	243273	strain	Mycoplasma genitalium G37
unknown_bacteria_109	243273	strain	Mycoplasma genitalium G37
unknown_bacteria_110	0	no rank	unclassified
unknown_bacteria_118	0	no rank	unclassified
unknown_bacteria_123	243273	strain	Mycoplasma genitalium G37
unknown_bacteria_124	243273	strain	Mycoplasma genitalium G37
unknown_bacteria_127	243273	strain	Mycoplasma genitalium G37
unknown_bacteria_128	0	no rank	unclassified
unknown_bacteria_134	243273	strain	Mycoplasma genitalium G37
unknown_bacteria_139	243273	strain	Mycoplasma genitalium G37
unknown_bacteria_140	0	no rank	unclassified
unknown_bacteria_141	243273	strain	Mycoplasma genitalium G37
unknown_bacteria_142	243273	strain	Mycoplasma genitalium G37
unknown_bacteria_154	243273	strain	Mycoplasma genitalium G37
unknown_bacteria_155	0	no rank	unclassified
unknown_bacteria_156	243273	strain	Mycoplasma genitalium G37
unknown_bacteria_163	243273	strain	Mycoplasma genitalium G37
unknown_bacteria_164	243273	strain	Mycoplasma genitalium G37
unknown_bacteria_171	243273	strain	Mycoplasma genitalium G37
unknown_bacteria_172	0	no rank	unclassified
unknown_bacteria_173	243273	strain	Mycoplasma genitalium G37
unknown_bacteria_174	243273	strain	Mycoplasma genitalium G37
unknown_bacteria_191	243273	strain	Mycoplasma genitalium G37
unknown_bacteria_210	243273	strain	Mycoplasma genitalium G37
unknown_bacteria_211	0	no rank	unclassified
unknown_bacteria_212	243273	strain	Mycoplasma genitalium G37
unknown_bacteria_213	243273	strain	Mycoplasma genitalium G37
unknown_bacteria_214	243273	strain	Mycoplasma genitalium G37
unknown_bacteria_220	243273	strain	Mycoplasma genitalium G37
unknown_bacteria_221	243273	strain	Mycoplasma genitalium G37
unknown_bacteria_222	0	no rank	unclassified
unknown_bacteria_223	0	no rank	unclassified
unknown_bacteria_224	243273	strain	Mycoplasma genitalium G37
unknown_bacteria_243	243273	strain	Mycoplasma genitalium G37
unknown_bacteria_244	243273	strain	Mycoplasma genitalium G37
unknown_bacteria_247	0	no rank	unclassified
unknown_bacteria_248	243273	strain	Mycoplasma genitalium G37
unknown_bacteria_249	243273	strain	Mycoplasma genitalium G37
unknown_bacteria_250	243273	strain	Mycoplasma genitalium G37
unknown_bacteria_251	243273	strain	Mycoplasma genitalium G37
unknown_bacteria_252	0	no rank	unclassified
unknown_bacteria_253	243273	strain	Mycoplasma genitalium G37
unknown_bacteria_254	243273	strain	Mycoplasma genitalium G37
unknown_bacteria_262	243273	strain	Mycoplasma genitalium G37
unknown_bacteria_265	243273	strain	Mycoplasma genitalium G37
unknown_bacteria_266	243273	strain	Mycoplasma genitalium G37
unknown_bacteria_267	0	no rank	unclassified
unknown_bacteria_268	243273	strain	Mycoplasma genitalium G37
unknown_bacteria_269	0	no rank	unclassified
unknown_bacteria_270	243273	strain	Mycoplasma genitalium G37
unknown_bacteria_273	243273	strain	Mycoplasma genitalium G37
unknown_bacteria_274	243273	strain	Mycoplasma genitalium G37
unknown_bacteria_279	0	no rank	unclassified
unknown_bacteria_311	0	no rank	unclassified
unknown_bacteria_312	243273	strain	Mycoplasma genitalium G37
unknown_bacteria_313	243273	strain	Mycoplasma genitalium G37
unknown_bacteria_314	243273	strain	Mycoplasma genitalium G37
unknown_bacteria_315	243273	strain	Mycoplasma genitalium G37
unknown_bacteria_316	0	no rank	unclassified
unknown_bacteria_317	243273	strain	Mycoplasma genitalium G37
unknown_bacteria_318	243273	strain	Mycoplasma genitalium G37
unknown_bacteria_319	0	no rank	unclassified
unknown_bacteria_320	243273	strain	Mycoplasma genitalium G37
unknown_bacteria_321	243273	strain	Mycoplasma genitalium G37
unknown_bacteria_322	243273	strain	Mycoplasma genitalium G37
unknown_bacteria_323	243273	strain	Mycoplasma genitalium G37
unknown_bacteria_324	243273	strain	Mycoplasma genitalium G37
unknown_bacteria_325	243273	strain	Mycoplasma genitalium G37
unknown_bacteria_326	243273	strain	Mycoplasma genitalium G37
unknown_bacteria_327	243273	strain	Mycoplasma genitalium G37
unknown_bacteria_328	243273	strain	Mycoplasma genitalium G37
unknown_bacteria_331	0	no rank	unclassified
unknown_bacteria_332	243273	strain	Mycoplasma genitalium G37
unknown_bacteria_337	243273	strain	Mycoplasma genitalium G37
unknown_bacteria_338	243273	strain	Mycoplasma genitalium G37
unknown_bacteria_339	243273	strain	Mycoplasma genitalium G37
unknown_bacteria_340	243273	strain	Mycoplasma genitalium G37
unknown_bacteria_343	0	no rank	unclassified
unknown_bacteria_353	243273	strain	Mycoplasma genitalium G37
unknown_bacteria_354	0	no rank	unclassified
unknown_bacteria_357	243273	strain	Mycoplasma genitalium G37
unknown_bacteria_358	0	no rank	unclassified
unknown_bacteria_361	243273	strain	Mycoplasma genitalium G37
unknown_bacteria_371	243273	strain	Mycoplasma genitalium G37
unknown_bacteria_372	243273	strain	Mycoplasma genitalium G37
unknown_bacteria_373	243273	strain	Mycoplasma genitalium G37
unknown_bacteria_374	243273	strain	Mycoplasma genitalium G37
unknown_bacteria_377	243273	strain	Mycoplasma genitalium G37
unknown_bacteria_385	243273	strain	Mycoplasma genitalium G37
unknown_bacteria_386	243273	strain	Mycoplasma genitalium G37
unknown_bacteria_387	243273	strain	Mycoplasma genitalium G37
unknown_bacteria_388	0	no rank	unclassified
unknown_bacteria_389	243273	strain	Mycoplasma genitalium G37
unknown_bacteria_408	243273	strain	Mycoplasma genitalium G37
unknown_bacteria_409	243273	strain	Mycoplasma genitalium G37
unknown_bacteria_410	243273	strain	Mycoplasma genitalium G37
unknown_bacteria_411	243273	strain	Mycoplasma genitalium G37
unknown_bacteria_412	243273	strain	Mycoplasma genitalium G37
unknown_bacteria_415	243273	strain	Mycoplasma genitalium G37
unknown_bacteria_416	243273	strain	Mycoplasma genitalium G37
unknown_bacteria_419	0	no rank	unclassified
unknown_bacteria_420	243273	strain	Mycoplasma genitalium G37
unknown_bacteria_421	243273	strain	Mycoplasma genitalium G37
unknown_bacteria_431	243273	strain	Mycoplasma genitalium G37
unknown_bacteria_432	243273	strain	Mycoplasma genitalium G37
unknown_bacteria_435	0	no rank	unclassified
unknown_bacteria_436	0	no rank	unclassified
unknown_bacteria_437	243273	strain	Mycoplasma genitalium G37
unknown_bacteria_438	243273	strain	Mycoplasma genitalium G37
unknown_bacteria_441	243273	strain	Mycoplasma genitalium G37
unknown_bacteria_442	0	no rank	unclassified
unknown_bacteria_443	243273	strain	Mycoplasma genitalium G37
unknown_bacteria_444	243273	strain	Mycoplasma genitalium G37
unknown_bacteria_447	0	no rank	unclassified
unknown_bacteria_448	243273	strain	Mycoplasma genitalium G37
unknown_bacteria_451	243273	strain	Mycoplasma genitalium G37
unknown_bacteria_452	243273	strain	Mycoplasma genitalium G37
unknown_bacteria_455	0	no rank	unclassified
unknown_bacteria_456	0	no rank	unclassified
unknown_bacteria_459	243273	strain	Mycoplasma genitalium G37
unknown_bacteria_460	243273	strain	Mycoplasma genitalium G37
unknown_bacteria_465	243273	strain	Mycoplasma genitalium G37
unknown_bacteria_466	0	no rank	unclassified
unknown_bacteria_478	243273	strain	Mycoplasma genitalium G37
unknown_bacteria_479	243273	strain	Mycoplasma genitalium G37
unknown_bacteria_480	243273	strain	Mycoplasma genitalium G37
unknown_bacteria_485	243273	strain	Mycoplasma genitalium G37
unknown_bacteria_486	0	no rank	unclassified
unknown_bacteria_526	0	no rank	unclassified
unknown_bacteria_527	243273	strain	Mycoplasma genitalium G37
unknown_bacteria_528	243273	strain	Mycoplasma genitalium G37
unknown_bacteria_531	243273	strain	Mycoplasma genitalium G37
unknown_bacteria_532	243273	strain	Mycoplasma genitalium G37
unknown_bacteria_544	272634	strain	Mycoplasma pneumoniae M129
unknown_bacteria_547	243273	strain	Mycoplasma genitalium G37
unknown_bacteria_548	243273	strain	Mycoplasma genitalium G37
unknown_bacteria_549	0	no rank	unclassified
unknown_bacteria_550	0	no rank	unclassified
unknown_bacteria_562	243273	strain	Mycoplasma genitalium G37
unknown_bacteria_563	243273	strain	Mycoplasma genitalium G37
unknown_bacteria_564	243273	strain	Mycoplasma genitalium G37
unknown_bacteria_565	243273	strain	Mycoplasma genitalium G37
unknown_bacteria_566	243273	strain	Mycoplasma genitalium G37
unknown_bacteria_574	243273	strain	Mycoplasma genitalium G37
unknown_bacteria_575	243273	strain	Mycoplasma genitalium G37
unknown_bacteria_576	243273	strain	Mycoplasma genitalium G37
unknown_bacteria_579	243273	strain	Mycoplasma genitalium G37
unknown_bacteria_580	243273	strain	Mycoplasma genitalium G37
unknown_bacteria_592	0	no rank	unclassified
unknown_bacteria_593	243273	strain	Mycoplasma genitalium G37
unknown_bacteria_594	243273	strain	Mycoplasma genitalium G37
unknown_bacteria_599	0	no rank	unclassified
unknown_bacteria_600	243273	strain	Mycoplasma genitalium G37
unknown_bacteria_625	243273	strain	Mycoplasma genitalium G37
unknown_bacteria_626	243273	strain	Mycoplasma genitalium G37
unknown_bacteria_627	243273	strain	Mycoplasma genitalium G37
unknown_bacteria_628	243273	strain	Mycoplasma genitalium G37
unknown_bacteria_631	243273	strain	Mycoplasma genitalium G37
unknown_bacteria_643	0	no rank	unclassified
unknown_bacteria_644	243273	strain	Mycoplasma genitalium G37
unknown_bacteria_645	243273	strain	Mycoplasma genitalium G37
unknown_bacteria_646	243273	strain	Mycoplasma genitalium G37
unknown_bacteria_651	2093	genus	Mycoplasma
unknown_bacteria_715	0	no rank	unclassified
unknown_bacteria_716	243273	strain	Mycoplasma genitalium G37
unknown_bacteria_717	243273	strain	Mycoplasma genitalium G37
unknown_bacteria_718	243273	strain	Mycoplasma genitalium G37
unknown_bacteria_721	243273	strain	Mycoplasma genitalium G37
unknown_bacteria_729	0	no rank	unclassified
unknown_bacteria_730	243273	strain	Mycoplasma genitalium G37
unknown_bacteria_731	243273	strain	Mycoplasma genitalium G37
unknown_bacteria_732	243273	strain	Mycoplasma genitalium G37
unknown_bacteria_741	0	no rank	unclassified
unknown_bacteria_747	0	no rank	unclassified
unknown_bacteria_748	243273	strain	Mycoplasma genitalium G37
unknown_bacteria_751	243273	strain	Mycoplasma genitalium G37
unknown_bacteria_752	243273	strain	Mycoplasma genitalium G37
unknown_bacteria_753	0	no rank	unclassified
unknown_bacteria_754	243273	strain	Mycoplasma genitalium G37
unknown_bacteria_757	243273	strain	Mycoplasma genitalium G37
unknown_bacteria_758	243273	strain	Mycoplasma genitalium G37
unknown_bacteria_759	243273	strain	Mycoplasma genitalium G37
unknown_bacteria_760	243273	strain	Mycoplasma genitalium G37
unknown_bacteria_761	243273	strain	Mycoplasma genitalium G37
unknown_bacteria_762	243273	strain	Mycoplasma genitalium G37
unknown_bacteria_763	243273	strain	Mycoplasma genitalium G37
unknown_bacteria_764	243273	strain	Mycoplasma genitalium G37
unknown_bacteria_765	243273	strain	Mycoplasma genitalium G37
unknown_bacteria_766	243273	strain	Mycoplasma genitalium G37
unknown_bacteria_767	243273	strain	Mycoplasma genitalium G37
unknown_bacteria_768	243273	strain	Mycoplasma genitalium G37
unknown_bacteria_769	243273	strain	Mycoplasma genitalium G37
unknown_bacteria_770	243273	strain	Mycoplasma genitalium G37
unknown_bacteria_773	243273	strain	Mycoplasma genitalium G37
unknown_bacteria_774	243273	strain	Mycoplasma genitalium G37
unknown_bacteria_777	243273	strain	Mycoplasma genitalium G37
unknown_bacteria_778	243273	strain	Mycoplasma genitalium G37
unknown_bacteria_779	243273	strain	Mycoplasma genitalium G37
unknown_bacteria_780	0	no rank	unclassified
unknown_bacteria_781	272634	strain	Mycoplasma pneumoniae M129
unknown_bacteria_782	243273	strain	Mycoplasma genitalium G37
unknown_bacteria_783	243273	strain	Mycoplasma genitalium G37
unknown_bacteria_784	0	no rank	unclassified
unknown_bacteria_795	243273	strain	Mycoplasma genitalium G37
unknown_bacteria_796	243273	strain	Mycoplasma genitalium G37
unknown_bacteria_797	243273	strain	Mycoplasma genitalium G37
unknown_bacteria_798	0	no rank	unclassified
unknown_bacteria_801	243273	strain	Mycoplasma genitalium G37
unknown_bacteria_802	0	no rank	unclassified
unknown_bacteria_803	0	no rank	unclassified
unknown_bacteria_804	243273	strain	Mycoplasma genitalium G37
unknown_bacteria_807	0	no rank	unclassified
unknown_bacteria_808	243273	strain	Mycoplasma genitalium G37
unknown_bacteria_820	243273	strain	Mycoplasma genitalium G37
unknown_bacteria_823	243273	strain	Mycoplasma genitalium G37
unknown_bacteria_824	243273	strain	Mycoplasma genitalium G37
unknown_bacteria_831	243273	strain	Mycoplasma genitalium G37
unknown_bacteria_832	243273	strain	Mycoplasma genitalium G37
unknown_bacteria_855	0	no rank	unclassified
unknown_bacteria_856	0	no rank	unclassified
unknown_bacteria_857	243273	strain	Mycoplasma genitalium G37
unknown_bacteria_858	243273	strain	Mycoplasma genitalium G37
unknown_bacteria_863	243273	strain	Mycoplasma genitalium G37
unknown_bacteria_873	0	no rank	unclassified
unknown_bacteria_874	0	no rank	unclassified
unknown_bacteria_877	243273	strain	Mycoplasma genitalium G37
unknown_bacteria_878	243273	strain	Mycoplasma genitalium G37
unknown_bacteria_879	243273	strain	Mycoplasma genitalium G37
unknown_bacteria_880	243273	strain	Mycoplasma genitalium G37
unknown_bacteria_881	243273	strain	Mycoplasma genitalium G37
unknown_bacteria_882	243273	strain	Mycoplasma genitalium G37
unknown_bacteria_883	243273	strain	Mycoplasma genitalium G37
unknown_bacteria_884	243273	strain	Mycoplasma genitalium G37
unknown_bacteria_885	243273	strain	Mycoplasma genitalium G37
unknown_bacteria_886	243273	strain	Mycoplasma genitalium G37
unknown_bacteria_887	243273	strain	Mycoplasma genitalium G37
unknown_bacteria_888	243273	strain	Mycoplasma genitalium G37
unknown_bacteria_889	243273	strain	Mycoplasma genitalium G37
unknown_bacteria_904	243273	strain	Mycoplasma genitalium G37
unknown_bacteria_905	243273	strain	Mycoplasma genitalium G37
unknown_bacteria_906	243273	strain	Mycoplasma genitalium G37
unknown_bacteria_907	243273	strain	Mycoplasma genitalium G37
unknown_bacteria_908	243273	strain	Mycoplasma genitalium G37
unknown_bacteria_909	243273	strain	Mycoplasma genitalium G37
unknown_bacteria_910	243273	strain	Mycoplasma genitalium G37
unknown_bacteria_911	243273	strain	Mycoplasma genitalium G37
unknown_bacteria_912	243273	strain	Mycoplasma genitalium G37
unknown_bacteria_913	243273	strain	Mycoplasma genitalium G37
unknown_bacteria_936	243273	strain	Mycoplasma genitalium G37
unknown_bacteria_937	243273	strain	Mycoplasma genitalium G37
unknown_bacteria_938	243273	strain	Mycoplasma genitalium G37
unknown_bacteria_941	243273	strain	Mycoplasma genitalium G37
unknown_bacteria_942	243273	strain	Mycoplasma genitalium G37
unknown_bacteria_943	0	no rank	unclassified
unknown_bacteria_944	0	no rank	unclassified
unknown_bacteria_949	243273	strain	Mycoplasma genitalium G37
unknown_bacteria_950	243273	strain	Mycoplasma genitalium G37
unknown_bacteria_951	243273	strain	Mycoplasma genitalium G37
unknown_bacteria_952	243273	strain	Mycoplasma genitalium G37
unknown_bacteria_953	0	no rank	unclassified
unknown_bacteria_954	243273	strain	Mycoplasma genitalium G37
unknown_bacteria_957	0	no rank	unclassified
unknown_bacteria_958	243273	strain	Mycoplasma genitalium G37
unknown_bacteria_959	243273	strain	Mycoplasma genitalium G37
unknown_bacteria_960	243273	strain	Mycoplasma genitalium G37
unknown_bacteria_961	243273	strain	Mycoplasma genitalium G37
unknown_bacteria_962	243273	strain	Mycoplasma genitalium G37
unknown_bacteria_963	243273	strain	Mycoplasma genitalium G37
unknown_bacteria_973	243273	strain	Mycoplasma genitalium G37
unknown_bacteria_974	243273	strain	Mycoplasma genitalium G37
unknown_bacteria_979	243273	strain	Mycoplasma genitalium G37
unknown_bacteria_980	243273	strain	Mycoplasma genitalium G37
unknown_bacteria_981	243273	strain	Mycoplasma genitalium G37
unknown_bacteria_982	243273	strain	Mycoplasma genitalium G37
unknown_bacteria_983	243273	strain	Mycoplasma genitalium G37
unknown_bacteria_984	243273	strain	Mycoplasma genitalium G37
unknown_bacteria_987	243273	strain	Mycoplasma genitalium G37
unknown_bacteria_988	243273	strain	Mycoplasma genitalium G37
unknown_bacteria_989	243273	strain	Mycoplasma genitalium G37
unknown_bacteria_990	0	no rank	unclassified
unknown_bacteria_991	243273	strain	Mycoplasma genitalium G37
unknown_bacteria_992	243273	strain	Mycoplasma genitalium G37
unknown_bacteria_995	243273	strain	Mycoplasma genitalium G37
unknown_bacteria_10	243273	strain	Mycoplasma genitalium G37
unknown_bacteria_13	243273	strain	Mycoplasma genitalium G37
unknown_bacteria_14	243273	strain	Mycoplasma genitalium G37
unknown_bacteria_17	243273	strain	Mycoplasma genitalium G37
unknown_bacteria_18	243273	strain	Mycoplasma genitalium G37
unknown_bacteria_19	0	no rank	unclassified
unknown_bacteria_20	0	no rank	unclassified
unknown_bacteria_23	243273	strain	Mycoplasma genitalium G37
unknown_bacteria_24	243273	strain	Mycoplasma genitalium G37
unknown_bacteria_27	243273	strain	Mycoplasma genitalium G37
unknown_bacteria_28	243273	strain	Mycoplasma genitalium G37
unknown_bacteria_29	0	no rank	unclassified
unknown_bacteria_30	243273	strain	Mycoplasma genitalium G37
unknown_bacteria_31	243273	strain	Mycoplasma genitalium G37
unknown_bacteria_32	243273	strain	Mycoplasma genitalium G37
unknown_bacteria_37	243273	strain	Mycoplasma genitalium G37
unknown_bacteria_38	243273	strain	Mycoplasma genitalium G37
unknown_bacteria_39	243273	strain	Mycoplasma genitalium G37
unknown_bacteria_40	243273	strain	Mycoplasma genitalium G37
unknown_bacteria_43	0	no rank	unclassified
unknown_bacteria_44	243273	strain	Mycoplasma genitalium G37
unknown_bacteria_47	243273	strain	Mycoplasma genitalium G37
unknown_bacteria_48	243273	strain	Mycoplasma genitalium G37
unknown_bacteria_49	243273	strain	Mycoplasma genitalium G37
unknown_bacteria_50	243273	strain	Mycoplasma genitalium G37
unknown_bacteria_68	243273	strain	Mycoplasma genitalium G37
unknown_bacteria_69	243273	strain	Mycoplasma genitalium G37
unknown_bacteria_70	243273	strain	Mycoplasma genitalium G37
unknown_bacteria_73	243273	strain	Mycoplasma genitalium G37
unknown_bacteria_74	243273	strain	Mycoplasma genitalium G37
unknown_bacteria_93	243273	strain	Mycoplasma genitalium G37
unknown_bacteria_94	243273	strain	Mycoplasma genitalium G37
unknown_bacteria_95	243273	strain	Mycoplasma genitalium G37
unknown_bacteria_96	243273	strain	Mycoplasma genitalium G37
unknown_bacteria_99	243273	strain	Mycoplasma genitalium G37
unknown_bacteria_119	243273	strain	Mycoplasma genitalium G37
unknown_bacteria_120	243273	strain	Mycoplasma genitalium G37
unknown_bacteria_121	243273	strain	Mycoplasma genitalium G37
unknown_bacteria_122	243273	strain	Mycoplasma genitalium G37
unknown_bacteria_125	243273	strain	Mycoplasma genitalium G37
unknown_bacteria_126	243273	strain	Mycoplasma genitalium G37
unknown_bacteria_135	243273	strain	Mycoplasma genitalium G37
unknown_bacteria_136	0	no rank	unclassified
unknown_bacteria_137	0	no rank	unclassified
unknown_bacteria_138	243273	strain	Mycoplasma genitalium G37
unknown_bacteria_143	243273	strain	Mycoplasma genitalium G37
unknown_bacteria_144	243273	strain	Mycoplasma genitalium G37
unknown_bacteria_147	243273	strain	Mycoplasma genitalium G37
unknown_bacteria_148	243273	strain	Mycoplasma genitalium G37
unknown_bacteria_151	0	no rank	unclassified
unknown_bacteria_177	243273	strain	Mycoplasma genitalium G37
unknown_bacteria_178	243273	strain	Mycoplasma genitalium G37
unknown_bacteria_179	0	no rank	unclassified
unknown_bacteria_180	0	no rank	unclassified
unknown_bacteria_181	243273	strain	Mycoplasma genitalium G37
unknown_bacteria_182	0	no rank	unclassified
unknown_bacteria_183	243273	strain	Mycoplasma genitalium G37
unknown_bacteria_184	243273	strain	Mycoplasma genitalium G37
unknown_bacteria_185	243273	strain	Mycoplasma genitalium G37
unknown_bacteria_186	0	no rank	unclassified
unknown_bacteria_187	243273	strain	Mycoplasma genitalium G37
unknown_bacteria_188	243273	strain	Mycoplasma genitalium G37
unknown_bacteria_189	243273	strain	Mycoplasma genitalium G37
unknown_bacteria_190	243273	strain	Mycoplasma genitalium G37
unknown_bacteria_193	0	no rank	unclassified
unknown_bacteria_205	243273	strain	Mycoplasma genitalium G37
unknown_bacteria_206	243273	strain	Mycoplasma genitalium G37
unknown_bacteria_227	243273	strain	Mycoplasma genitalium G37
unknown_bacteria_228	243273	strain	Mycoplasma genitalium G37
unknown_bacteria_229	243273	strain	Mycoplasma genitalium G37
unknown_bacteria_277	0	no rank	unclassified
unknown_bacteria_278	243273	strain	Mycoplasma genitalium G37
unknown_bacteria_281	243273	strain	Mycoplasma genitalium G37
unknown_bacteria_282	243273	strain	Mycoplasma genitalium G37
unknown_bacteria_285	243273	strain	Mycoplasma genitalium G37
unknown_bacteria_293	243273	strain	Mycoplasma genitalium G37
unknown_bacteria_294	243273	strain	Mycoplasma genitalium G37
unknown_bacteria_295	243273	strain	Mycoplasma genitalium G37
unknown_bacteria_296	0	no rank	unclassified
unknown_bacteria_297	0	no rank	unclassified
unknown_bacteria_298	243273	strain	Mycoplasma genitalium G37
unknown_bacteria_299	243273	strain	Mycoplasma genitalium G37
unknown_bacteria_300	243273	strain	Mycoplasma genitalium G37
unknown_bacteria_301	243273	strain	Mycoplasma genitalium G37
unknown_bacteria_302	243273	strain	Mycoplasma genitalium G37
unknown_bacteria_303	243273	strain	Mycoplasma genitalium G37
unknown_bacteria_304	243273	strain	Mycoplasma genitalium G37
unknown_bacteria_305	243273	strain	Mycoplasma genitalium G37
unknown_bacteria_306	243273	strain	Mycoplasma genitalium G37
unknown_bacteria_307	243273	strain	Mycoplasma genitalium G37
unknown_bacteria_333	0	no rank	unclassified
unknown_bacteria_334	243273	strain	Mycoplasma genitalium G37
unknown_bacteria_335	243273	strain	Mycoplasma genitalium G37
unknown_bacteria_336	243273	strain	Mycoplasma genitalium G37
unknown_bacteria_341	243273	strain	Mycoplasma genitalium G37
unknown_bacteria_342	243273	strain	Mycoplasma genitalium G37
unknown_bacteria_345	243273	strain	Mycoplasma genitalium G37
unknown_bacteria_346	243273	strain	Mycoplasma genitalium G37
unknown_bacteria_349	243273	strain	Mycoplasma genitalium G37
unknown_bacteria_350	243273	strain	Mycoplasma genitalium G37
unknown_bacteria_355	243273	strain	Mycoplasma genitalium G37
unknown_bacteria_356	0	no rank	unclassified
unknown_bacteria_359	243273	strain	Mycoplasma genitalium G37
unknown_bacteria_360	243273	strain	Mycoplasma genitalium G37
unknown_bacteria_363	243273	strain	Mycoplasma genitalium G37
unknown_bacteria_413	0	no rank	unclassified
unknown_bacteria_414	243273	strain	Mycoplasma genitalium G37
unknown_bacteria_417	243273	strain	Mycoplasma genitalium G37
unknown_bacteria_418	243273	strain	Mycoplasma genitalium G37
unknown_bacteria_423	243273	strain	Mycoplasma genitalium G37
unknown_bacteria_461	243273	strain	Mycoplasma genitalium G37
unknown_bacteria_462	243273	strain	Mycoplasma genitalium G37
unknown_bacteria_463	0	no rank	unclassified
unknown_bacteria_464	243273	strain	Mycoplasma genitalium G37
unknown_bacteria_467	0	no rank	unclassified
unknown_bacteria_468	243273	strain	Mycoplasma genitalium G37
unknown_bacteria_469	243273	strain	Mycoplasma genitalium G37
unknown_bacteria_470	243273	strain	Mycoplasma genitalium G37
unknown_bacteria_475	243273	strain	Mycoplasma genitalium G37
unknown_bacteria_476	243273	strain	Mycoplasma genitalium G37
unknown_bacteria_488	243273	strain	Mycoplasma genitalium G37
unknown_bacteria_489	243273	strain	Mycoplasma genitalium G37
unknown_bacteria_490	243273	strain	Mycoplasma genitalium G37
unknown_bacteria_493	243273	strain	Mycoplasma genitalium G37
unknown_bacteria_494	243273	strain	Mycoplasma genitalium G37
unknown_bacteria_495	243273	strain	Mycoplasma genitalium G37
unknown_bacteria_496	0	no rank	unclassified
unknown_bacteria_499	243273	strain	Mycoplasma genitalium G37
unknown_bacteria_500	243273	strain	Mycoplasma genitalium G37
unknown_bacteria_503	243273	strain	Mycoplasma genitalium G37
unknown_bacteria_504	243273	strain	Mycoplasma genitalium G37
unknown_bacteria_505	0	no rank	unclassified
unknown_bacteria_506	243273	strain	Mycoplasma genitalium G37
unknown_bacteria_509	243273	strain	Mycoplasma genitalium G37
unknown_bacteria_510	0	no rank	unclassified
unknown_bacteria_511	243273	strain	Mycoplasma genitalium G37
unknown_bacteria_512	243273	strain	Mycoplasma genitalium G37
unknown_bacteria_513	243273	strain	Mycoplasma genitalium G37
unknown_bacteria_514	243273	strain	Mycoplasma genitalium G37
unknown_bacteria_517	243273	strain	Mycoplasma genitalium G37
unknown_bacteria_533	243273	strain	Mycoplasma genitalium G37
unknown_bacteria_534	243273	strain	Mycoplasma genitalium G37
unknown_bacteria_539	243273	strain	Mycoplasma genitalium G37
unknown_bacteria_540	0	no rank	unclassified
unknown_bacteria_541	243273	strain	Mycoplasma genitalium G37
unknown_bacteria_542	243273	strain	Mycoplasma genitalium G37
unknown_bacteria_545	0	no rank	unclassified
unknown_bacteria_546	243273	strain	Mycoplasma genitalium G37
unknown_bacteria_551	243273	strain	Mycoplasma genitalium G37
unknown_bacteria_552	243273	strain	Mycoplasma genitalium G37
unknown_bacteria_553	243273	strain	Mycoplasma genitalium G37
unknown_bacteria_554	243273	strain	Mycoplasma genitalium G37
unknown_bacteria_557	243273	strain	Mycoplasma genitalium G37
unknown_bacteria_558	243273	strain	Mycoplasma genitalium G37
unknown_bacteria_571	243273	strain	Mycoplasma genitalium G37
unknown_bacteria_596	0	no rank	unclassified
unknown_bacteria_597	243273	strain	Mycoplasma genitalium G37
unknown_bacteria_598	0	no rank	unclassified
unknown_bacteria_601	243273	strain	Mycoplasma genitalium G37
unknown_bacteria_602	243273	strain	Mycoplasma genitalium G37
unknown_bacteria_603	0	no rank	unclassified
unknown_bacteria_604	243273	strain	Mycoplasma genitalium G37
unknown_bacteria_605	243273	strain	Mycoplasma genitalium G37
unknown_bacteria_606	0	no rank	unclassified
unknown_bacteria_609	243273	strain	Mycoplasma genitalium G37
unknown_bacteria_610	243273	strain	Mycoplasma genitalium G37
unknown_bacteria_615	243273	strain	Mycoplasma genitalium G37
unknown_bacteria_616	243273	strain	Mycoplasma genitalium G37
unknown_bacteria_619	243273	strain	Mycoplasma genitalium G37
unknown_bacteria_620	243273	strain	Mycoplasma genitalium G37
unknown_bacteria_623	0	no rank	unclassified
unknown_bacteria_624	243273	strain	Mycoplasma genitalium G37
unknown_bacteria_629	243273	strain	Mycoplasma genitalium G37
unknown_bacteria_630	243273	strain	Mycoplasma genitalium G37
unknown_bacteria_635	0	no rank	unclassified
unknown_bacteria_647	243273	strain	Mycoplasma genitalium G37
unknown_bacteria_648	243273	strain	Mycoplasma genitalium G37
unknown_bacteria_649	243273	strain	Mycoplasma genitalium G37
unknown_bacteria_650	243273	strain	Mycoplasma genitalium G37
unknown_bacteria_653	243273	strain	Mycoplasma genitalium G37
unknown_bacteria_654	243273	strain	Mycoplasma genitalium G37
unknown_bacteria_655	0	no rank	unclassified
unknown_bacteria_656	243273	strain	Mycoplasma genitalium G37
unknown_bacteria_657	243273	strain	Mycoplasma genitalium G37
unknown_bacteria_658	243273	strain	Mycoplasma genitalium G37
unknown_bacteria_664	243273	strain	Mycoplasma genitalium G37
unknown_bacteria_665	243273	strain	Mycoplasma genitalium G37
unknown_bacteria_666	243273	strain	Mycoplasma genitalium G37
unknown_bacteria_667	0	no rank	unclassified
unknown_bacteria_668	243273	strain	Mycoplasma genitalium G37
unknown_bacteria_706	243273	strain	Mycoplasma genitalium G37
unknown_bacteria_707	243273	strain	Mycoplasma genitalium G37
unknown_bacteria_708	243273	strain	Mycoplasma genitalium G37
unknown_bacteria_709	243273	strain	Mycoplasma genitalium G37
unknown_bacteria_710	243273	strain	Mycoplasma genitalium G37
unknown_bacteria_711	243273	strain	Mycoplasma genitalium G37
unknown_bacteria_712	243273	strain	Mycoplasma genitalium G37
unknown_bacteria_719	243273	strain	Mycoplasma genitalium G37
unknown_bacteria_720	243273	strain	Mycoplasma genitalium G37
unknown_bacteria_725	243273	strain	Mycoplasma genitalium G37
unknown_bacteria_750	243273	strain	Mycoplasma genitalium G37
unknown_bacteria_755	243273	strain	Mycoplasma genitalium G37
unknown_bacteria_756	243273	strain	Mycoplasma genitalium G37
unknown_bacteria_771	243273	strain	Mycoplasma genitalium G37
unknown_bacteria_772	0	no rank	unclassified
unknown_bacteria_775	243273	strain	Mycoplasma genitalium G37
unknown_bacteria_776	243273	strain	Mycoplasma genitalium G37
unknown_bacteria_785	243273	strain	Mycoplasma genitalium G37
unknown_bacteria_786	243273	strain	Mycoplasma genitalium G37
unknown_bacteria_787	243273	strain	Mycoplasma genitalium G37
unknown_bacteria_788	243273	strain	Mycoplasma genitalium G37
unknown_bacteria_789	243273	strain	Mycoplasma genitalium G37
unknown_bacteria_790	0	no rank	unclassified
unknown_bacteria_791	243273	strain	Mycoplasma genitalium G37
unknown_bacteria_792	0	no rank	unclassified
unknown_bacteria_793	243273	strain	Mycoplasma genitalium G37
unknown_bacteria_794	243273	strain	Mycoplasma genitalium G37
unknown_bacteria_799	243273	strain	Mycoplasma genitalium G37
unknown_bacteria_800	243273	strain	Mycoplasma genitalium G37
unknown_bacteria_805	243273	strain	Mycoplasma genitalium G37
unknown_bacteria_806	243273	strain	Mycoplasma genitalium G37
unknown_bacteria_809	243273	strain	Mycoplasma genitalium G37
unknown_bacteria_810	243273	strain	Mycoplasma genitalium G37
unknown_bacteria_815	243273	strain	Mycoplasma genitalium G37
unknown_bacteria_816	0	no rank	unclassified
unknown_bacteria_817	243273	strain	Mycoplasma genitalium G37
unknown_bacteria_818	243273	strain	Mycoplasma genitalium G37
unknown_bacteria_821	243273	strain	Mycoplasma genitalium G37
unknown_bacteria_822	243273	strain	Mycoplasma genitalium G37
unknown_bacteria_825	243273	strain	Mycoplasma genitalium G37
unknown_bacteria_826	243273	strain	Mycoplasma genitalium G37
unknown_bacteria_827	243273	strain	Mycoplasma genitalium G37
unknown_bacteria_828	0	no rank	unclassified
unknown_bacteria_829	243273	strain	Mycoplasma genitalium G37
unknown_bacteria_830	243273	strain	Mycoplasma genitalium G37
unknown_bacteria_833	243273	strain	Mycoplasma genitalium G37
unknown_bacteria_834	243273	strain	Mycoplasma genitalium G37
unknown_bacteria_835	0	no rank	unclassified
unknown_bacteria_836	243273	strain	Mycoplasma genitalium G37
unknown_bacteria_837	0	no rank	unclassified
unknown_bacteria_849	243273	strain	Mycoplasma genitalium G37
unknown_bacteria_850	243273	strain	Mycoplasma genitalium G37
unknown_bacteria_859	243273	strain	Mycoplasma genitalium G37
unknown_bacteria_860	243273	strain	Mycoplasma genitalium G37
unknown_bacteria_861	243273	strain	Mycoplasma genitalium G37
unknown_bacteria_925	243273	strain	Mycoplasma genitalium G37
unknown_bacteria_926	243273	strain	Mycoplasma genitalium G37
unknown_bacteria_929	243273	strain	Mycoplasma genitalium G37
unknown_bacteria_930	0	no rank	unclassified
unknown_bacteria_931	0	no rank	unclassified
unknown_bacteria_932	0	no rank	unclassified
unknown_bacteria_933	243273	strain	Mycoplasma genitalium G37
unknown_bacteria_934	243273	strain	Mycoplasma genitalium G37
unknown_bacteria_939	243273	strain	Mycoplasma genitalium G37
unknown_bacteria_940	243273	strain	Mycoplasma genitalium G37
unknown_bacteria_945	243273	strain	Mycoplasma genitalium G37
unknown_bacteria_946	243273	strain	Mycoplasma genitalium G37
unknown_bacteria_947	0	no rank	unclassified
unknown_bacteria_948	243273	strain	Mycoplasma genitalium G37
unknown_bacteria_955	243273	strain	Mycoplasma genitalium G37
unknown_bacteria_956	243273	strain	Mycoplasma genitalium G37
unknown_bacteria_969	0	no rank	unclassified
unknown_bacteria_970	243273	strain	Mycoplasma genitalium G37
unknown_bacteria_971	243273	strain	Mycoplasma genitalium G37
unknown_bacteria_972	243273	strain	Mycoplasma genitalium G37
unknown_bacteria_986	243273	strain	Mycoplasma genitalium G37
unknown_bacteria_993	243273	strain	Mycoplasma genitalium G37
unknown_bacteria_994	272634	strain	Mycoplasma pneumoniae M129
unknown_bacteria_3	243273	strain	Mycoplasma genitalium G37
unknown_bacteria_4	243273	strain	Mycoplasma genitalium G37
unknown_bacteria_16	0	no rank	unclassified
unknown_bacteria_21	0	no rank	unclassified
unknown_bacteria_22	243273	strain	Mycoplasma genitalium G37
unknown_bacteria_25	243273	strain	Mycoplasma genitalium G37
unknown_bacteria_26	243273	strain	Mycoplasma genitalium G37
unknown_bacteria_42	243273	strain	Mycoplasma genitalium G37
unknown_bacteria_45	243273	strain	Mycoplasma genitalium G37
unknown_bacteria_46	243273	strain	Mycoplasma genitalium G37
unknown_bacteria_51	243273	strain	Mycoplasma genitalium G37
unknown_bacteria_52	243273	strain	Mycoplasma genitalium G37
unknown_bacteria_53	0	no rank	unclassified
unknown_bacteria_54	243273	strain	Mycoplasma genitalium G37
unknown_bacteria_55	0	no rank	unclassified
unknown_bacteria_56	243273	strain	Mycoplasma genitalium G37
unknown_bacteria_59	243273	strain	Mycoplasma genitalium G37
unknown_bacteria_97	0	no rank	unclassified
unknown_bacteria_98	243273	strain	Mycoplasma genitalium G37
unknown_bacteria_101	0	no rank	unclassified
unknown_bacteria_102	0	no rank	unclassified
unknown_bacteria_105	0	no rank	unclassified
unknown_bacteria_113	0	no rank	unclassified
unknown_bacteria_114	243273	strain	Mycoplasma genitalium G37
unknown_bacteria_115	243273	strain	Mycoplasma genitalium G37
unknown_bacteria_116	243273	strain	Mycoplasma genitalium G37
unknown_bacteria_117	243273	strain	Mycoplasma genitalium G37
unknown_bacteria_129	243273	strain	Mycoplasma genitalium G37
unknown_bacteria_130	243273	strain	Mycoplasma genitalium G37
unknown_bacteria_131	243273	strain	Mycoplasma genitalium G37
unknown_bacteria_132	0	no rank	unclassified
unknown_bacteria_133	243273	strain	Mycoplasma genitalium G37
unknown_bacteria_145	243273	strain	Mycoplasma genitalium G37
unknown_bacteria_146	243273	strain	Mycoplasma genitalium G37
unknown_bacteria_149	0	no rank	unclassified
unknown_bacteria_150	0	no rank	unclassified
unknown_bacteria_153	0	no rank	unclassified
unknown_bacteria_192	243273	strain	Mycoplasma genitalium G37
unknown_bacteria_195	243273	strain	Mycoplasma genitalium G37
unknown_bacteria_196	243273	strain	Mycoplasma genitalium G37
unknown_bacteria_199	243273	strain	Mycoplasma genitalium G37
unknown_bacteria_200	243273	strain	Mycoplasma genitalium G37
unknown_bacteria_203	0	no rank	unclassified
unknown_bacteria_204	2093	genus	Mycoplasma
unknown_bacteria_207	243273	strain	Mycoplasma genitalium G37
unknown_bacteria_208	243273	strain	Mycoplasma genitalium G37
unknown_bacteria_209	243273	strain	Mycoplasma genitalium G37
unknown_bacteria_215	243273	strain	Mycoplasma genitalium G37
unknown_bacteria_216	243273	strain	Mycoplasma genitalium G37
unknown_bacteria_217	243273	strain	Mycoplasma genitalium G37
unknown_bacteria_218	243273	strain	Mycoplasma genitalium G37
unknown_bacteria_219	243273	strain	Mycoplasma genitalium G37
unknown_bacteria_225	243273	strain	Mycoplasma genitalium G37
unknown_bacteria_226	243273	strain	Mycoplasma genitalium G37
unknown_bacteria_231	0	no rank	unclassified
unknown_bacteria_232	243273	strain	Mycoplasma genitalium G37
unknown_bacteria_233	243273	strain	Mycoplasma genitalium G37
unknown_bacteria_234	243273	strain	Mycoplasma genitalium G37
unknown_bacteria_237	0	no rank	unclassified
unknown_bacteria_238	243273	strain	Mycoplasma genitalium G37
unknown_bacteria_239	243273	strain	Mycoplasma genitalium G37
unknown_bacteria_240	0	no rank	unclassified
unknown_bacteria_255	243273	strain	Mycoplasma genitalium G37
unknown_bacteria_256	243273	strain	Mycoplasma genitalium G37
unknown_bacteria_257	0	no rank	unclassified
unknown_bacteria_258	243273	strain	Mycoplasma genitalium G37
unknown_bacteria_261	243273	strain	Mycoplasma genitalium G37
unknown_bacteria_280	243273	strain	Mycoplasma genitalium G37
unknown_bacteria_283	243273	strain	Mycoplasma genitalium G37
unknown_bacteria_284	0	no rank	unclassified
unknown_bacteria_287	243273	strain	Mycoplasma genitalium G37
unknown_bacteria_288	2093	genus	Mycoplasma
unknown_bacteria_344	243273	strain	Mycoplasma genitalium G37
unknown_bacteria_347	243273	strain	Mycoplasma genitalium G37
unknown_bacteria_348	243273	strain	Mycoplasma genitalium G37
unknown_bacteria_351	243273	strain	Mycoplasma genitalium G37
unknown_bacteria_352	243273	strain	Mycoplasma genitalium G37
unknown_bacteria_362	243273	strain	Mycoplasma genitalium G37
unknown_bacteria_365	243273	strain	Mycoplasma genitalium G37
unknown_bacteria_366	0	no rank	unclassified
unknown_bacteria_369	0	no rank	unclassified
unknown_bacteria_370	243273	strain	Mycoplasma genitalium G37
unknown_bacteria_378	243273	strain	Mycoplasma genitalium G37
unknown_bacteria_379	243273	strain	Mycoplasma genitalium G37
unknown_bacteria_380	243273	strain	Mycoplasma genitalium G37
unknown_bacteria_383	243273	strain	Mycoplasma genitalium G37
unknown_bacteria_384	243273	strain	Mycoplasma genitalium G37
unknown_bacteria_390	0	no rank	unclassified
unknown_bacteria_393	243273	strain	Mycoplasma genitalium G37
unknown_bacteria_394	243273	strain	Mycoplasma genitalium G37
unknown_bacteria_399	243273	strain	Mycoplasma genitalium G37
unknown_bacteria_400	243273	strain	Mycoplasma genitalium G37
unknown_bacteria_401	243273	strain	Mycoplasma genitalium G37
unknown_bacteria_402	243273	strain	Mycoplasma genitalium G37
unknown_bacteria_403	243273	strain	Mycoplasma genitalium G37
unknown_bacteria_404	243273	strain	Mycoplasma genitalium G37
unknown_bacteria_407	243273	strain	Mycoplasma genitalium G37
unknown_bacteria_422	243273	strain	Mycoplasma genitalium G37
unknown_bacteria_425	243273	strain	Mycoplasma genitalium G37
unknown_bacteria_426	243273	strain	Mycoplasma genitalium G37
unknown_bacteria_427	243273	strain	Mycoplasma genitalium G37
unknown_bacteria_428	0	no rank	unclassified
unknown_bacteria_471	243273	strain	Mycoplasma genitalium G37
unknown_bacteria_472	0	no rank	unclassified
unknown_bacteria_473	243273	strain	Mycoplasma genitalium G37
unknown_bacteria_474	243273	strain	Mycoplasma genitalium G37
unknown_bacteria_477	0	no rank	unclassified
unknown_bacteria_491	243273	strain	Mycoplasma genitalium G37
unknown_bacteria_492	243273	strain	Mycoplasma genitalium G37
unknown_bacteria_497	243273	strain	Mycoplasma genitalium G37
unknown_bacteria_498	243273	strain	Mycoplasma genitalium G37
unknown_bacteria_501	243273	strain	Mycoplasma genitalium G37
unknown_bacteria_502	243273	strain	Mycoplasma genitalium G37
unknown_bacteria_507	243273	strain	Mycoplasma genitalium G37
unknown_bacteria_508	243273	strain	Mycoplasma genitalium G37
unknown_bacteria_515	243273	strain	Mycoplasma genitalium G37
unknown_bacteria_516	243273	strain	Mycoplasma genitalium G37
unknown_bacteria_519	243273	strain	Mycoplasma genitalium G37
unknown_bacteria_520	243273	strain	Mycoplasma genitalium G37
unknown_bacteria_521	243273	strain	Mycoplasma genitalium G37
unknown_bacteria_522	243273	strain	Mycoplasma genitalium G37
unknown_bacteria_525	243273	strain	Mycoplasma genitalium G37
unknown_bacteria_535	243273	strain	Mycoplasma genitalium G37
unknown_bacteria_536	243273	strain	Mycoplasma genitalium G37
unknown_bacteria_537	243273	strain	Mycoplasma genitalium G37
unknown_bacteria_538	243273	strain	Mycoplasma genitalium G37
unknown_bacteria_543	243273	strain	Mycoplasma genitalium G37
unknown_bacteria_555	243273	strain	Mycoplasma genitalium G37
unknown_bacteria_556	243273	strain	Mycoplasma genitalium G37
unknown_bacteria_559	243273	strain	Mycoplasma genitalium G37
unknown_bacteria_560	243273	strain	Mycoplasma genitalium G37
unknown_bacteria_561	0	no rank	unclassified
unknown_bacteria_567	243273	strain	Mycoplasma genitalium G37
unknown_bacteria_568	243273	strain	Mycoplasma genitalium G37
unknown_bacteria_569	243273	strain	Mycoplasma genitalium G37
unknown_bacteria_570	243273	strain	Mycoplasma genitalium G37
unknown_bacteria_573	243273	strain	Mycoplasma genitalium G37
unknown_bacteria_585	243273	strain	Mycoplasma genitalium G37
unknown_bacteria_586	243273	strain	Mycoplasma genitalium G37
unknown_bacteria_587	243273	strain	Mycoplasma genitalium G37
unknown_bacteria_588	243273	strain	Mycoplasma genitalium G37
unknown_bacteria_591	243273	strain	Mycoplasma genitalium G37
unknown_bacteria_607	243273	strain	Mycoplasma genitalium G37
unknown_bacteria_608	243273	strain	Mycoplasma genitalium G37
unknown_bacteria_611	0	no rank	unclassified
unknown_bacteria_612	0	no rank	unclassified
unknown_bacteria_613	243273	strain	Mycoplasma genitalium G37
unknown_bacteria_614	243273	strain	Mycoplasma genitalium G37
unknown_bacteria_617	243273	strain	Mycoplasma genitalium G37
unknown_bacteria_618	0	no rank	unclassified
unknown_bacteria_621	243273	strain	Mycoplasma genitalium G37
unknown_bacteria_622	243273	strain	Mycoplasma genitalium G37
unknown_bacteria_632	243273	strain	Mycoplasma genitalium G37
unknown_bacteria_633	243273	strain	Mycoplasma genitalium G37
unknown_bacteria_634	243273	strain	Mycoplasma genitalium G37
unknown_bacteria_639	243273	strain	Mycoplasma genitalium G37
unknown_bacteria_640	243273	strain	Mycoplasma genitalium G37
unknown_bacteria_652	243273	strain	Mycoplasma genitalium G37
unknown_bacteria_671	243273	strain	Mycoplasma genitalium G37
unknown_bacteria_672	0	no rank	unclassified
unknown_bacteria_677	243273	strain	Mycoplasma genitalium G37
unknown_bacteria_678	243273	strain	Mycoplasma genitalium G37
unknown_bacteria_679	243273	strain	Mycoplasma genitalium G37
unknown_bacteria_680	243273	strain	Mycoplasma genitalium G37
unknown_bacteria_681	0	no rank	unclassified
unknown_bacteria_682	0	no rank	unclassified
unknown_bacteria_683	243273	strain	Mycoplasma genitalium G37
unknown_bacteria_684	243273	strain	Mycoplasma genitalium G37
unknown_bacteria_685	243273	strain	Mycoplasma genitalium G37
unknown_bacteria_686	243273	strain	Mycoplasma genitalium G37
unknown_bacteria_689	243273	strain	Mycoplasma genitalium G37
unknown_bacteria_690	0	no rank	unclassified
unknown_bacteria_695	243273	strain	Mycoplasma genitalium G37
unknown_bacteria_696	0	no rank	unclassified
unknown_bacteria_697	243273	strain	Mycoplasma genitalium G37
unknown_bacteria_698	0	no rank	unclassified
unknown_bacteria_699	243273	strain	Mycoplasma genitalium G37
unknown_bacteria_700	243273	strain	Mycoplasma genitalium G37
unknown_bacteria_701	0	no rank	unclassified
unknown_bacteria_702	0	no rank	unclassified
unknown_bacteria_713	243273	strain	Mycoplasma genitalium G37
unknown_bacteria_714	243273	strain	Mycoplasma genitalium G37
unknown_bacteria_722	243273	strain	Mycoplasma genitalium G37
unknown_bacteria_723	243273	strain	Mycoplasma genitalium G37
unknown_bacteria_724	243273	strain	Mycoplasma genitalium G37
unknown_bacteria_727	243273	strain	Mycoplasma genitalium G37
unknown_bacteria_728	243273	strain	Mycoplasma genitalium G37
unknown_bacteria_742	243273	strain	Mycoplasma genitalium G37
unknown_bacteria_743	243273	strain	Mycoplasma genitalium G37
unknown_bacteria_744	243273	strain	Mycoplasma genitalium G37
unknown_bacteria_745	243273	strain	Mycoplasma genitalium G37
unknown_bacteria_746	0	no rank	unclassified
unknown_bacteria_811	243273	strain	Mycoplasma genitalium G37
unknown_bacteria_812	243273	strain	Mycoplasma genitalium G37
unknown_bacteria_813	243273	strain	Mycoplasma genitalium G37
unknown_bacteria_814	243273	strain	Mycoplasma genitalium G37
unknown_bacteria_819	243273	strain	Mycoplasma genitalium G37
unknown_bacteria_841	243273	strain	Mycoplasma genitalium G37
unknown_bacteria_842	243273	strain	Mycoplasma genitalium G37
unknown_bacteria_843	0	no rank	unclassified
unknown_bacteria_844	243273	strain	Mycoplasma genitalium G37
unknown_bacteria_845	0	no rank	unclassified
unknown_bacteria_846	243273	strain	Mycoplasma genitalium G37
unknown_bacteria_851	243273	strain	Mycoplasma genitalium G37
unknown_bacteria_852	243273	strain	Mycoplasma genitalium G37
unknown_bacteria_853	243273	strain	Mycoplasma genitalium G37
unknown_bacteria_854	243273	strain	Mycoplasma genitalium G37
unknown_bacteria_864	243273	strain	Mycoplasma genitalium G37
unknown_bacteria_865	243273	strain	Mycoplasma genitalium G37
unknown_bacteria_866	243273	strain	Mycoplasma genitalium G37
unknown_bacteria_867	243273	strain	Mycoplasma genitalium G37
unknown_bacteria_868	243273	strain	Mycoplasma genitalium G37
unknown_bacteria_890	243273	strain	Mycoplasma genitalium G37
unknown_bacteria_891	243273	strain	Mycoplasma genitalium G37
unknown_bacteria_892	243273	strain	Mycoplasma genitalium G37
unknown_bacteria_893	243273	strain	Mycoplasma genitalium G37
unknown_bacteria_894	243273	strain	Mycoplasma genitalium G37
unknown_bacteria_897	243273	strain	Mycoplasma genitalium G37
unknown_bacteria_898	243273	strain	Mycoplasma genitalium G37
unknown_bacteria_901	243273	strain	Mycoplasma genitalium G37
unknown_bacteria_902	243273	strain	Mycoplasma genitalium G37
unknown_bacteria_903	243273	strain	Mycoplasma genitalium G37
unknown_bacteria_914	243273	strain	Mycoplasma genitalium G37
unknown_bacteria_915	243273	strain	Mycoplasma genitalium G37
unknown_bacteria_916	243273	strain	Mycoplasma genitalium G37
unknown_bacteria_917	243273	strain	Mycoplasma genitalium G37
unknown_bacteria_918	243273	strain	Mycoplasma genitalium G37
unknown_bacteria_921	243273	strain	Mycoplasma genitalium G37
unknown_bacteria_922	243273	strain	Mycoplasma genitalium G37
unknown_bacteria_927	243273	strain	Mycoplasma genitalium G37
unknown_bacteria_928	243273	strain	Mycoplasma genitalium G37
unknown_bacteria_935	0	no rank	unclassified
unknown_bacteria_964	0	no rank	unclassified
unknown_bacteria_965	243273	strain	Mycoplasma genitalium G37
unknown_bacteria_966	0	no rank	unclassified
unknown_bacteria_967	243273	strain	Mycoplasma genitalium G37
unknown_bacteria_968	243273	strain	Mycoplasma genitalium G37
unknown_bacteria_79	243273	strain	Mycoplasma genitalium G37
unknown_bacteria_80	243273	strain	Mycoplasma genitalium G37
unknown_bacteria_83	243273	strain	Mycoplasma genitalium G37
unknown_bacteria_84	0	no rank	unclassified
unknown_bacteria_85	243273	strain	Mycoplasma genitalium G37
unknown_bacteria_86	243273	strain	Mycoplasma genitalium G37
unknown_bacteria_87	243273	strain	Mycoplasma genitalium G37
unknown_bacteria_88	0	no rank	unclassified
unknown_bacteria_89	243273	strain	Mycoplasma genitalium G37
unknown_bacteria_90	0	no rank	unclassified
